,distance_m,distance_f,words,counts,years,titles
0,1.0508264303207397,1.1596879959106445,leraar,98987,1950,vk
1,1.0727490186691284,1.1479917764663696,auteur,99542,1950,vk
2,0.9901642799377441,1.1230138540267944,monteur,95197,1950,vk
3,1.0291746854782104,1.102343201637268,makelaar,87562,1950,vk
4,1.0488916635513306,1.1936206817626953,bakker,100881,1950,vk
5,1.032272219657898,1.1584768295288086,arbeider,100531,1950,vk
6,1.0289602279663086,1.0547634363174438,chirurg,93400,1950,vk
7,0.9826445579528809,1.0721302032470703,tuinman,88278,1950,vk
8,1.018113374710083,1.0872794389724731,schilder,100255,1950,vk
9,1.0744267702102661,1.0972466468811035,tandarts,94522,1950,vk
10,1.0089398622512817,1.0590927600860596,portier,94994,1950,vk
11,1.0813177824020386,1.1927471160888672,atleet,91968,1950,vk
12,0.9800635576248169,1.1486878395080566,manager,93394,1950,vk
13,1.0823652744293213,1.166097640991211,dirigent,99950,1950,vk
14,0.9007964134216309,1.040068507194519,timmerman,96262,1950,vk
15,0.8931171894073486,0.8685817122459412,huishoudster,89767,1950,vk
16,0.995975136756897,0.9740397930145264,secretaresse,94811,1950,vk
17,1.0870634317398071,1.2415753602981567,econoom,88959,1950,vk
18,0.9799262881278992,1.0790997743606567,geoloog,83343,1950,vk
19,0.9678910374641418,1.08079195022583,klerk,95275,1950,vk
20,0.8608090877532959,0.875128984451294,dokter,101077,1950,vk
21,1.0404658317565918,1.1252473592758179,rechter,101484,1950,vk
22,1.040067434310913,1.0930765867233276,arts,101070,1950,vk
23,0.9834280014038086,1.1130539178848267,advocaat,100428,1950,vk
24,1.0973217487335205,1.169966697692871,kunstenaar,99919,1950,vk
25,1.0555880069732666,1.157555341720581,instructeur,89465,1950,vk
26,1.0340900421142578,0.9688011407852173,danseres,86895,1950,vk
27,1.001056432723999,1.0715364217758179,fotograaf,95520,1950,vk
28,1.03065025806427,1.1452962160110474,inspecteur,100314,1950,vk
29,1.03763747215271,1.1077362298965454,muzikant,81221,1950,vk
30,0.9879090785980225,1.0857454538345337,soldaat,100532,1950,vk
31,1.0639086961746216,1.160667061805725,bibliothecaris,72200,1950,vk
32,1.019118070602417,1.16184401512146,professor,101597,1950,vk
33,1.0664098262786865,1.1620043516159058,psycholoog,89322,1950,vk
34,1.1620465517044067,1.2003217935562134,verpleegkundige,12266,1950,vk
35,0.9885578751564026,1.0897297859191895,matroos,95974,1950,vk
36,1.0703059434890747,1.2148728370666504,accountant,93623,1950,vk
37,1.094988226890564,1.2200137376785278,architect,99060,1950,vk
38,1.156572699546814,1.2333515882492065,scheikundige,84499,1950,vk
39,1.0944640636444092,1.2147340774536133,beheerder,88424,1950,vk
40,1.1201629638671875,1.2437266111373901,fysicus,51812,1950,vk
41,1.121372938156128,1.1919089555740356,wetenschapper,19471,1950,vk
42,0.960564911365509,1.1062147617340088,boer,101505,1950,vk
43,1.0876002311706543,1.086881160736084,kunstenares,84121,1950,vk
44,1.0373002290725708,1.1497172117233276,leraar,112162,1960,vk
45,1.1021193265914917,1.1600322723388672,auteur,112999,1960,vk
46,0.9574631452560425,1.1292964220046997,monteur,108775,1960,vk
47,1.024100661277771,1.1540586948394775,makelaar,103003,1960,vk
48,1.0820739269256592,1.2201108932495117,bakker,113935,1960,vk
49,0.990330696105957,1.1002100706100464,arbeider,111735,1960,vk
50,1.0592373609542847,1.1218469142913818,chirurg,107129,1960,vk
51,0.9126743078231812,0.9843000769615173,tuinman,98859,1960,vk
52,1.012455701828003,1.0715097188949585,schilder,112939,1960,vk
53,1.0156660079956055,1.0651088953018188,tandarts,106727,1960,vk
54,0.9692843556404114,1.0453110933303833,portier,108343,1960,vk
55,1.119410753250122,1.1749536991119385,atleet,108287,1960,vk
56,1.0315133333206177,1.2052669525146484,manager,110717,1960,vk
57,1.1102619171142578,1.1887049674987793,dirigent,112273,1960,vk
58,0.9485385417938232,1.1107423305511475,timmerman,108902,1960,vk
59,0.8932532668113708,0.862678587436676,huishoudster,99632,1960,vk
60,0.9469423890113831,0.9622201323509216,secretaresse,108773,1960,vk
61,1.0813151597976685,1.1983568668365479,econoom,105934,1960,vk
62,1.0773606300354004,1.1806174516677856,geoloog,79206,1960,vk
63,1.1143652200698853,1.2135766744613647,klerk,107258,1960,vk
64,0.9475017786026001,0.9965342879295349,dokter,113704,1960,vk
65,1.0452711582183838,1.1611047983169556,rechter,113988,1960,vk
66,1.02742600440979,1.0757611989974976,arts,113839,1960,vk
67,0.9680539965629578,1.105771780014038,advocaat,113171,1960,vk
68,1.0738227367401123,1.1206233501434326,kunstenaar,112535,1960,vk
69,1.0744179487228394,1.2073163986206055,instructeur,101482,1960,vk
70,1.0350617170333862,0.9646396040916443,danseres,101216,1960,vk
71,1.010655164718628,1.0689889192581177,fotograaf,109313,1960,vk
72,1.0406097173690796,1.1594653129577637,inspecteur,112249,1960,vk
73,1.0699121952056885,1.1301257610321045,muzikant,95013,1960,vk
74,0.9763829708099365,1.103840708732605,soldaat,112588,1960,vk
75,1.09511399269104,1.206162929534912,bibliothecaris,86821,1960,vk
76,1.054229974746704,1.1721864938735962,professor,114177,1960,vk
77,1.087991714477539,1.1687084436416626,psycholoog,106573,1960,vk
78,1.1896471977233887,1.2295862436294556,verpleegkundige,49294,1960,vk
79,0.9960428476333618,1.1358423233032227,matroos,107849,1960,vk
80,1.0411020517349243,1.1951513290405273,accountant,106821,1960,vk
81,1.0617883205413818,1.1844183206558228,architect,111843,1960,vk
82,1.16829514503479,1.2338778972625732,scheikundige,101898,1960,vk
83,1.0597378015518188,1.2100951671600342,beheerder,103092,1960,vk
84,1.113813042640686,1.1929900646209717,fysicus,78542,1960,vk
85,1.1181764602661133,1.2009660005569458,wetenschapper,46079,1960,vk
86,0.9906885027885437,1.128830075263977,boer,114269,1960,vk
87,1.06997549533844,1.055423378944397,kunstenares,88829,1960,vk
88,1.0100518465042114,1.078521728515625,leraar,114464,1970,vk
89,1.09756338596344,1.1284711360931396,auteur,115723,1970,vk
90,0.9760909080505371,1.051966667175293,monteur,104492,1970,vk
91,1.0775331258773804,1.146420955657959,makelaar,107489,1970,vk
92,1.1034854650497437,1.2145813703536987,bakker,116789,1970,vk
93,0.9873544573783875,1.0459493398666382,arbeider,113453,1970,vk
94,1.0498825311660767,1.0670316219329834,chirurg,109702,1970,vk
95,0.9133819341659546,0.938292920589447,tuinman,97113,1970,vk
96,0.9959348440170288,1.0642504692077637,schilder,114570,1970,vk
97,1.0093603134155273,1.0152944326400757,tandarts,110818,1970,vk
98,1.0003715753555298,1.0349726676940918,portier,108984,1970,vk
99,1.127778172492981,1.1752065420150757,atleet,111430,1970,vk
100,1.0568352937698364,1.2197295427322388,manager,115252,1970,vk
101,1.1199573278427124,1.2052826881408691,dirigent,115289,1970,vk
102,0.9169800281524658,0.992695152759552,timmerman,105665,1970,vk
103,0.8249273896217346,0.7771315574645996,huishoudster,95473,1970,vk
104,0.891035258769989,0.9195916652679443,secretaresse,110569,1970,vk
105,1.0687346458435059,1.1901471614837646,econoom,111213,1970,vk
106,1.0880167484283447,1.143319845199585,geoloog,85195,1970,vk
107,1.0711888074874878,1.17776620388031,klerk,107779,1970,vk
108,0.9071358442306519,0.9259157776832581,dokter,116319,1970,vk
109,1.0589061975479126,1.1144651174545288,rechter,117432,1970,vk
110,0.9996728301048279,1.0183742046356201,arts,116895,1970,vk
111,1.0046093463897705,1.112866997718811,advocaat,116784,1970,vk
112,1.0759464502334595,1.108677625656128,kunstenaar,115452,1970,vk
113,1.0647051334381104,1.1297482252120972,instructeur,98453,1970,vk
114,1.0563884973526,1.0305107831954956,danseres,105751,1970,vk
115,1.020139217376709,1.0621693134307861,fotograaf,111155,1970,vk
116,1.0227930545806885,1.1240379810333252,inspecteur,113920,1970,vk
117,1.0792264938354492,1.1441450119018555,muzikant,105558,1970,vk
118,0.9967309236526489,1.0226126909255981,soldaat,114641,1970,vk
119,1.002366065979004,1.0721490383148193,bibliothecaris,85162,1970,vk
120,1.021497130393982,1.131760597229004,professor,116282,1970,vk
121,1.0441746711730957,1.107844352722168,psycholoog,111219,1970,vk
122,1.0502578020095825,1.083781361579895,verpleegkundige,102408,1970,vk
123,1.0122804641723633,1.0447384119033813,matroos,101757,1970,vk
124,1.083918809890747,1.1637388467788696,accountant,109245,1970,vk
125,1.0942707061767578,1.1881372928619385,architect,113063,1970,vk
126,1.1719911098480225,1.2028000354766846,scheikundige,92991,1970,vk
127,1.0399590730667114,1.14983069896698,beheerder,109036,1970,vk
128,1.082484483718872,1.14470374584198,fysicus,87853,1970,vk
129,1.1081962585449219,1.1949325799942017,wetenschapper,95402,1970,vk
130,1.0238147974014282,1.1205772161483765,boer,117184,1970,vk
131,1.030450701713562,1.027990460395813,kunstenares,94803,1970,vk
132,0.9807072281837463,1.0409239530563354,leraar,138823,1980,vk
133,1.0931800603866577,1.1164203882217407,auteur,140783,1980,vk
134,0.990416944026947,1.012024164199829,monteur,122298,1980,vk
135,1.042129635810852,1.0984477996826172,makelaar,131979,1980,vk
136,1.0328211784362793,1.1222800016403198,bakker,141030,1980,vk
137,0.96171635389328,1.0155832767486572,arbeider,135249,1980,vk
138,1.066713571548462,1.066801905632019,chirurg,133214,1980,vk
139,0.9545802474021912,0.9975589513778687,tuinman,126774,1980,vk
140,1.0197575092315674,1.0592352151870728,schilder,139942,1980,vk
141,1.066236972808838,1.0583752393722534,tandarts,134760,1980,vk
142,1.0056748390197754,1.027512788772583,portier,130823,1980,vk
143,1.0943617820739746,1.1371583938598633,atleet,136818,1980,vk
144,1.05976140499115,1.1647756099700928,manager,140113,1980,vk
145,1.1219196319580078,1.178092360496521,dirigent,139346,1980,vk
146,0.9444394111633301,1.035571575164795,timmerman,130459,1980,vk
147,0.7936716079711914,0.743782103061676,huishoudster,118730,1980,vk
148,0.8836752772331238,0.8909268379211426,secretaresse,134933,1980,vk
149,1.161238431930542,1.2421668767929077,econoom,136950,1980,vk
150,1.0986013412475586,1.1643224954605103,geoloog,113158,1980,vk
151,1.0998284816741943,1.1706351041793823,klerk,132229,1980,vk
152,0.940338134765625,0.9331302046775818,dokter,139518,1980,vk
153,1.116574764251709,1.156003475189209,rechter,141808,1980,vk
154,1.029089093208313,1.0335103273391724,arts,141141,1980,vk
155,1.0083411931991577,1.089465856552124,advocaat,141208,1980,vk
156,1.1023635864257812,1.1395390033721924,kunstenaar,140635,1980,vk
157,1.0350176095962524,1.1060739755630493,instructeur,115622,1980,vk
158,1.0515859127044678,0.9963747262954712,danseres,131931,1980,vk
159,1.0167688131332397,1.0428800582885742,fotograaf,138462,1980,vk
160,1.0963009595870972,1.1422345638275146,inspecteur,136966,1980,vk
161,1.0633107423782349,1.103753685951233,muzikant,133247,1980,vk
162,0.9601263403892517,1.0129693746566772,soldaat,138292,1980,vk
163,1.0417094230651855,1.103520393371582,bibliothecaris,116356,1980,vk
164,1.0701419115066528,1.1313259601593018,professor,140129,1980,vk
165,1.0788711309432983,1.1240330934524536,psycholoog,135468,1980,vk
166,1.0597118139266968,1.0679101943969727,verpleegkundige,130411,1980,vk
167,0.9806733131408691,0.9990541338920593,matroos,120064,1980,vk
168,1.112894892692566,1.181287169456482,accountant,135553,1980,vk
169,1.1141605377197266,1.1671626567840576,architect,139217,1980,vk
170,1.181395173072815,1.207220435142517,scheikundige,111906,1980,vk
171,1.0814979076385498,1.1455674171447754,beheerder,131366,1980,vk
172,1.151029348373413,1.2182196378707886,fysicus,121225,1980,vk
173,1.0726048946380615,1.1277992725372314,wetenschapper,130925,1980,vk
174,0.9929470419883728,1.1172516345977783,boer,141566,1980,vk
175,1.0406311750411987,1.034016728401184,kunstenares,125431,1980,vk
176,1.0219019651412964,1.1226028203964233,leraar,102776,1950,ah_nrc
177,1.0615381002426147,1.125342845916748,auteur,103980,1950,ah_nrc
178,0.9614537954330444,1.0652135610580444,monteur,96319,1950,ah_nrc
179,1.0801982879638672,1.1742403507232666,makelaar,99541,1950,ah_nrc
180,1.0648155212402344,1.2023066282272339,bakker,104490,1950,ah_nrc
181,0.9794014692306519,1.0461726188659668,arbeider,102827,1950,ah_nrc
182,1.0014655590057373,1.0449382066726685,chirurg,94814,1950,ah_nrc
183,0.9501661062240601,1.0464931726455688,tuinman,93900,1950,ah_nrc
184,0.9967857599258423,1.072395920753479,schilder,104036,1950,ah_nrc
185,1.0091458559036255,1.0672687292099,tandarts,97881,1950,ah_nrc
186,0.9854898452758789,1.0650335550308228,portier,99759,1950,ah_nrc
187,1.056666374206543,1.150925874710083,atleet,80959,1950,ah_nrc
188,1.0027927160263062,1.1323020458221436,manager,95061,1950,ah_nrc
189,1.0975719690322876,1.1801321506500244,dirigent,104591,1950,ah_nrc
190,0.8894487023353577,1.0088117122650146,timmerman,96534,1950,ah_nrc
191,0.8685027956962585,0.8715242147445679,huishoudster,93187,1950,ah_nrc
192,0.9799425601959229,0.9832485318183899,secretaresse,100378,1950,ah_nrc
193,1.0227922201156616,1.1663861274719238,econoom,91790,1950,ah_nrc
194,1.0267772674560547,1.1149177551269531,geoloog,80324,1950,ah_nrc
195,1.0869954824447632,1.1696531772613525,klerk,98308,1950,ah_nrc
196,0.879037082195282,0.8922398090362549,dokter,104389,1950,ah_nrc
197,1.0630228519439697,1.1077425479888916,rechter,104883,1950,ah_nrc
198,1.0205411911010742,1.0828773975372314,arts,104599,1950,ah_nrc
199,0.9696433544158936,1.0388904809951782,advocaat,103473,1950,ah_nrc
200,1.0924725532531738,1.1342027187347412,kunstenaar,103894,1950,ah_nrc
201,1.0402847528457642,1.1668728590011597,instructeur,92702,1950,ah_nrc
202,1.060285210609436,1.018409252166748,danseres,95467,1950,ah_nrc
203,1.0018401145935059,1.023188591003418,fotograaf,98981,1950,ah_nrc
204,1.0177198648452759,1.1088063716888428,inspecteur,104510,1950,ah_nrc
205,1.003788709640503,1.0693203210830688,muzikant,83581,1950,ah_nrc
206,0.9620044231414795,1.0250506401062012,soldaat,102906,1950,ah_nrc
207,1.112167477607727,1.2137317657470703,bibliothecaris,87406,1950,ah_nrc
208,0.9933040142059326,1.121672511100769,professor,103972,1950,ah_nrc
209,1.046994686126709,1.1425256729125977,psycholoog,92292,1950,ah_nrc
210,0.9756407737731934,1.040920376777649,matroos,97069,1950,ah_nrc
211,1.0815789699554443,1.1832385063171387,accountant,97294,1950,ah_nrc
212,1.080379843711853,1.1884844303131104,architect,103378,1950,ah_nrc
213,1.1176807880401611,1.1670864820480347,scheikundige,88456,1950,ah_nrc
214,1.0736923217773438,1.1787594556808472,beheerder,92845,1950,ah_nrc
215,1.1305031776428223,1.2293386459350586,fysicus,48873,1950,ah_nrc
216,1.155051589012146,1.2276362180709839,wetenschapper,1586,1950,ah_nrc
217,0.9309251308441162,1.0930298566818237,boer,105050,1950,ah_nrc
218,1.0635631084442139,1.078162431716919,kunstenares,93490,1950,ah_nrc
219,1.0004161596298218,1.0850566625595093,leraar,112924,1960,ah_nrc
220,1.050674557685852,1.1130315065383911,auteur,114429,1960,ah_nrc
221,0.9706336259841919,1.0653777122497559,monteur,106961,1960,ah_nrc
222,1.0684738159179688,1.1385533809661865,makelaar,109469,1960,ah_nrc
223,1.0416055917739868,1.2129590511322021,bakker,115091,1960,ah_nrc
224,0.9986391067504883,1.0692129135131836,arbeider,111525,1960,ah_nrc
225,1.0155361890792847,1.0573004484176636,chirurg,107287,1960,ah_nrc
226,0.927529513835907,1.0056205987930298,tuinman,101633,1960,ah_nrc
227,1.015859603881836,1.0920082330703735,schilder,114336,1960,ah_nrc
228,0.9764294028282166,1.017720103263855,tandarts,107723,1960,ah_nrc
229,1.0103787183761597,1.083043098449707,portier,110123,1960,ah_nrc
230,1.0825895071029663,1.1554369926452637,atleet,103978,1960,ah_nrc
231,1.0015819072723389,1.162968397140503,manager,111071,1960,ah_nrc
232,1.0907564163208008,1.1411499977111816,dirigent,114442,1960,ah_nrc
233,0.9312469959259033,1.0483736991882324,timmerman,106936,1960,ah_nrc
234,0.823505699634552,0.8038651943206787,huishoudster,101634,1960,ah_nrc
235,0.9336131811141968,0.9490859508514404,secretaresse,110207,1960,ah_nrc
236,1.0307625532150269,1.1960678100585938,econoom,106142,1960,ah_nrc
237,1.096862554550171,1.2123619318008423,geoloog,85592,1960,ah_nrc
238,1.109123945236206,1.2000104188919067,klerk,108307,1960,ah_nrc
239,0.923656165599823,0.9575676918029785,dokter,114950,1960,ah_nrc
240,1.0743615627288818,1.116210699081421,rechter,115083,1960,ah_nrc
241,0.9972227215766907,1.053922176361084,arts,115019,1960,ah_nrc
242,0.9543358087539673,1.0566526651382446,advocaat,114254,1960,ah_nrc
243,1.0831063985824585,1.1281766891479492,kunstenaar,114449,1960,ah_nrc
244,1.020464301109314,1.14713716506958,instructeur,100118,1960,ah_nrc
245,1.0575480461120605,1.016032099723816,danseres,106244,1960,ah_nrc
246,1.0207830667495728,1.0671218633651733,fotograaf,111238,1960,ah_nrc
247,0.9760000109672546,1.068271279335022,inspecteur,114512,1960,ah_nrc
248,1.0238193273544312,1.0535962581634521,muzikant,89903,1960,ah_nrc
249,0.9723142385482788,1.0479590892791748,soldaat,113170,1960,ah_nrc
250,1.0697546005249023,1.1759183406829834,bibliothecaris,89891,1960,ah_nrc
251,0.9763319492340088,1.1165412664413452,professor,114284,1960,ah_nrc
252,1.0584449768066406,1.1439284086227417,psycholoog,106061,1960,ah_nrc
253,0.9405246376991272,1.0100181102752686,matroos,107880,1960,ah_nrc
254,1.033021330833435,1.140499234199524,accountant,107564,1960,ah_nrc
255,1.0602214336395264,1.1685010194778442,architect,113375,1960,ah_nrc
256,1.1633453369140625,1.2258845567703247,scheikundige,101668,1960,ah_nrc
257,1.0414855480194092,1.1575344800949097,beheerder,105335,1960,ah_nrc
258,1.0557599067687988,1.1552988290786743,fysicus,83025,1960,ah_nrc
259,1.1588735580444336,1.2143793106079102,wetenschapper,19298,1960,ah_nrc
260,0.9675306677818298,1.1082149744033813,boer,115346,1960,ah_nrc
261,1.0793317556381226,1.0718157291412354,kunstenares,101292,1960,ah_nrc
262,0.9998639822006226,1.0936338901519775,leraar,126231,1970,ah_nrc
263,1.0639921426773071,1.1166666746139526,auteur,127801,1970,ah_nrc
264,0.9608203768730164,1.0282715559005737,monteur,112858,1970,ah_nrc
265,1.1135239601135254,1.1674894094467163,makelaar,121431,1970,ah_nrc
266,1.085889220237732,1.2196465730667114,bakker,128023,1970,ah_nrc
267,0.9878589510917664,1.0580958127975464,arbeider,124387,1970,ah_nrc
268,1.0186588764190674,1.0525927543640137,chirurg,119209,1970,ah_nrc
269,0.9843690991401672,1.0036135911941528,tuinman,108622,1970,ah_nrc
270,0.9942507743835449,1.0757302045822144,schilder,127754,1970,ah_nrc
271,1.090574026107788,1.0919386148452759,tandarts,124362,1970,ah_nrc
272,1.0052964687347412,1.0633591413497925,portier,119551,1970,ah_nrc
273,1.10969078540802,1.1525776386260986,atleet,119078,1970,ah_nrc
274,1.0153454542160034,1.1742948293685913,manager,125802,1970,ah_nrc
275,1.1201071739196777,1.1857653856277466,dirigent,126900,1970,ah_nrc
276,0.8954242467880249,1.0119004249572754,timmerman,116345,1970,ah_nrc
277,0.8194393515586853,0.7572712302207947,huishoudster,106579,1970,ah_nrc
278,0.9241436719894409,0.9362581372261047,secretaresse,122424,1970,ah_nrc
279,1.08919095993042,1.215618371963501,econoom,123256,1970,ah_nrc
280,1.0578229427337646,1.1454017162322998,geoloog,97007,1970,ah_nrc
281,1.116880178451538,1.2150336503982544,klerk,119082,1970,ah_nrc
282,0.9276466369628906,0.9369564056396484,dokter,127760,1970,ah_nrc
283,1.1056780815124512,1.1716033220291138,rechter,128887,1970,ah_nrc
284,1.0357813835144043,1.0438261032104492,arts,128437,1970,ah_nrc
285,1.0331618785858154,1.120937705039978,advocaat,127785,1970,ah_nrc
286,1.0818190574645996,1.1319009065628052,kunstenaar,127959,1970,ah_nrc
287,1.0740652084350586,1.1771247386932373,instructeur,105958,1970,ah_nrc
288,1.00103759765625,0.9800817966461182,danseres,114078,1970,ah_nrc
289,1.0084387063980103,1.0731229782104492,fotograaf,124121,1970,ah_nrc
290,1.0792474746704102,1.1883399486541748,inspecteur,124618,1970,ah_nrc
291,1.0619139671325684,1.0965458154678345,muzikant,106030,1970,ah_nrc
292,1.0348268747329712,1.0887590646743774,soldaat,127025,1970,ah_nrc
293,1.0082651376724243,1.1170841455459595,bibliothecaris,98597,1970,ah_nrc
294,1.0263671875,1.1362268924713135,professor,127468,1970,ah_nrc
295,1.0638352632522583,1.131072759628296,psycholoog,122326,1970,ah_nrc
296,1.0276378393173218,1.0841144323349,matroos,112420,1970,ah_nrc
297,1.1084239482879639,1.1787347793579102,accountant,118724,1970,ah_nrc
298,1.0930521488189697,1.1878552436828613,architect,126724,1970,ah_nrc
299,1.1303843259811401,1.220231294631958,scheikundige,104551,1970,ah_nrc
300,1.0617115497589111,1.164961338043213,beheerder,119388,1970,ah_nrc
301,1.1112957000732422,1.1785427331924438,fysicus,107037,1970,ah_nrc
302,1.085263729095459,1.164519190788269,wetenschapper,109492,1970,ah_nrc
303,1.0334157943725586,1.1202170848846436,boer,128751,1970,ah_nrc
304,1.0659265518188477,1.0877431631088257,kunstenares,113806,1970,ah_nrc
305,0.9838448166847229,1.0669918060302734,leraar,147198,1980,ah_nrc
306,1.1044002771377563,1.1734424829483032,auteur,149177,1980,ah_nrc
307,0.9570586681365967,1.0439687967300415,monteur,127860,1980,ah_nrc
308,1.074782133102417,1.1217515468597412,makelaar,139924,1980,ah_nrc
309,1.0756301879882812,1.1257833242416382,bakker,148462,1980,ah_nrc
310,0.9886488318443298,1.0283803939819336,arbeider,142997,1980,ah_nrc
311,1.046167254447937,1.083589792251587,chirurg,141299,1980,ah_nrc
312,0.9789049029350281,1.0352071523666382,tuinman,135340,1980,ah_nrc
313,1.0002093315124512,1.051609754562378,schilder,148592,1980,ah_nrc
314,1.0375056266784668,1.043280839920044,tandarts,142359,1980,ah_nrc
315,0.9829441905021667,1.0182154178619385,portier,139810,1980,ah_nrc
316,1.0734572410583496,1.1173484325408936,atleet,142453,1980,ah_nrc
317,1.091131567955017,1.186775803565979,manager,147755,1980,ah_nrc
318,1.110418438911438,1.1808017492294312,dirigent,147341,1980,ah_nrc
319,0.9401533007621765,1.0225753784179688,timmerman,137904,1980,ah_nrc
320,0.8047833442687988,0.7700537443161011,huishoudster,129325,1980,ah_nrc
321,0.9025266766548157,0.9072607755661011,secretaresse,142712,1980,ah_nrc
322,1.1480592489242554,1.257055401802063,econoom,145637,1980,ah_nrc
323,1.0729751586914062,1.1624172925949097,geoloog,124994,1980,ah_nrc
324,1.1227442026138306,1.1748181581497192,klerk,141085,1980,ah_nrc
325,0.8847272992134094,0.9162667989730835,dokter,147166,1980,ah_nrc
326,1.1328668594360352,1.1708089113235474,rechter,149688,1980,ah_nrc
327,1.0311139822006226,1.0418554544448853,arts,149086,1980,ah_nrc
328,1.0318700075149536,1.0936957597732544,advocaat,148852,1980,ah_nrc
329,1.086619257926941,1.1174052953720093,kunstenaar,148748,1980,ah_nrc
330,1.0900638103485107,1.1697674989700317,instructeur,119312,1980,ah_nrc
331,1.0382434129714966,1.01695716381073,danseres,140025,1980,ah_nrc
332,1.0214818716049194,1.043603539466858,fotograaf,145911,1980,ah_nrc
333,1.1016260385513306,1.1622031927108765,inspecteur,145185,1980,ah_nrc
334,1.0100018978118896,1.068688988685608,muzikant,134391,1980,ah_nrc
335,0.9229191541671753,0.9848188161849976,soldaat,146680,1980,ah_nrc
336,1.041774868965149,1.1152379512786865,bibliothecaris,129723,1980,ah_nrc
337,1.0307167768478394,1.1560373306274414,professor,148354,1980,ah_nrc
338,1.070176601409912,1.1450737714767456,psycholoog,143234,1980,ah_nrc
339,0.9426673054695129,0.9999958276748657,matroos,130221,1980,ah_nrc
340,1.0862374305725098,1.1434600353240967,accountant,141264,1980,ah_nrc
341,1.1327942609786987,1.1913516521453857,architect,148000,1980,ah_nrc
342,1.165285587310791,1.2286573648452759,scheikundige,120732,1980,ah_nrc
343,1.118131399154663,1.1834503412246704,beheerder,139466,1980,ah_nrc
344,1.1125046014785767,1.18705415725708,fysicus,133543,1980,ah_nrc
345,1.0930687189102173,1.162774682044983,wetenschapper,140111,1980,ah_nrc
346,1.0821269750595093,1.1439809799194336,boer,149379,1980,ah_nrc
347,1.036412239074707,1.0050346851348877,kunstenares,134173,1980,ah_nrc
348,1.0536555051803589,1.1546497344970703,leraar,91933,1950,trouw
349,1.0841162204742432,1.1251627206802368,auteur,92032,1950,trouw
350,0.9840711355209351,1.0709397792816162,monteur,86570,1950,trouw
351,1.0954102277755737,1.1872040033340454,makelaar,83606,1950,trouw
352,0.9949329495429993,1.1451116800308228,bakker,92754,1950,trouw
353,1.0375744104385376,1.1199796199798584,arbeider,91763,1950,trouw
354,1.0400007963180542,1.080792784690857,chirurg,84157,1950,trouw
355,0.9718190431594849,1.0379083156585693,tuinman,81141,1950,trouw
356,1.0310269594192505,1.1163419485092163,schilder,91625,1950,trouw
357,1.048682451248169,1.0783127546310425,tandarts,87277,1950,trouw
358,1.0121616125106812,1.0361865758895874,portier,86516,1950,trouw
359,1.0783528089523315,1.1575570106506348,atleet,67189,1950,trouw
360,1.013384222984314,1.1249680519104004,manager,77687,1950,trouw
361,1.0608023405075073,1.1505482196807861,dirigent,91822,1950,trouw
362,0.9352042078971863,1.0386320352554321,timmerman,88023,1950,trouw
363,0.8819446563720703,0.8417811989784241,huishoudster,80532,1950,trouw
364,1.0445055961608887,1.0163633823394775,secretaresse,88762,1950,trouw
365,1.0783010721206665,1.1874008178710938,econoom,79586,1950,trouw
366,1.0352933406829834,1.153723120689392,geoloog,64398,1950,trouw
367,1.090261459350586,1.1735198497772217,klerk,85421,1950,trouw
368,0.8844632506370544,0.9031679034233093,dokter,92748,1950,trouw
369,1.0384701490402222,1.0650184154510498,rechter,92963,1950,trouw
370,1.0514800548553467,1.0951199531555176,arts,93037,1950,trouw
371,1.0528476238250732,1.116560697555542,advocaat,91648,1950,trouw
372,1.0955477952957153,1.1743669509887695,kunstenaar,90724,1950,trouw
373,1.0653595924377441,1.173923134803772,instructeur,83938,1950,trouw
374,1.0280654430389404,1.0007184743881226,danseres,55896,1950,trouw
375,1.0585647821426392,1.074394941329956,fotograaf,87610,1950,trouw
376,1.0433579683303833,1.1767325401306152,inspecteur,92202,1950,trouw
377,0.9789436459541321,1.0220023393630981,muzikant,70927,1950,trouw
378,0.9845016002655029,1.0929769277572632,soldaat,92192,1950,trouw
379,1.0919358730316162,1.192249059677124,bibliothecaris,75624,1950,trouw
380,0.9953643679618835,1.1112358570098877,professor,92515,1950,trouw
381,1.0715798139572144,1.126568078994751,psycholoog,79588,1950,trouw
382,0.9988751411437988,1.074839472770691,matroos,88159,1950,trouw
383,1.0864708423614502,1.1682910919189453,accountant,86318,1950,trouw
384,1.0787068605422974,1.191017508506775,architect,90980,1950,trouw
385,1.160597801208496,1.237260103225708,scheikundige,78295,1950,trouw
386,1.0690821409225464,1.1978172063827515,beheerder,82393,1950,trouw
387,1.1327420473098755,1.184007167816162,fysicus,25986,1950,trouw
388,1.1542783975601196,1.2049891948699951,wetenschapper,10583,1950,trouw
389,0.9540914297103882,1.0937771797180176,boer,93687,1950,trouw
390,1.0507334470748901,1.0631968975067139,kunstenares,73285,1950,trouw
391,1.0133496522903442,1.1128426790237427,leraar,101916,1960,trouw
392,1.077003836631775,1.1376895904541016,auteur,103024,1960,trouw
393,0.9922648668289185,1.0787445306777954,monteur,96789,1960,trouw
394,1.0334858894348145,1.1129047870635986,makelaar,91404,1960,trouw
395,1.0560778379440308,1.176453709602356,bakker,103722,1960,trouw
396,1.0113248825073242,1.103145718574524,arbeider,101016,1960,trouw
397,1.0116198062896729,1.0769476890563965,chirurg,95042,1960,trouw
398,0.9913489818572998,1.0830470323562622,tuinman,88182,1960,trouw
399,0.9901390075683594,1.092110514640808,schilder,101739,1960,trouw
400,1.0178884267807007,1.091018795967102,tandarts,96224,1960,trouw
401,1.0067697763442993,1.0487749576568604,portier,96981,1960,trouw
402,1.1093552112579346,1.1996318101882935,atleet,94801,1960,trouw
403,1.0025280714035034,1.148034930229187,manager,98859,1960,trouw
404,1.0872241258621216,1.1804876327514648,dirigent,102107,1960,trouw
405,0.9641903638839722,1.066287636756897,timmerman,97999,1960,trouw
406,0.8106866478919983,0.7570741772651672,huishoudster,89936,1960,trouw
407,0.9856294989585876,0.972256600856781,secretaresse,98643,1960,trouw
408,1.077613353729248,1.2048988342285156,econoom,95421,1960,trouw
409,1.0377259254455566,1.1413041353225708,geoloog,78112,1960,trouw
410,1.112068772315979,1.2204538583755493,klerk,95243,1960,trouw
411,0.905914306640625,0.9465424418449402,dokter,103191,1960,trouw
412,1.0536891222000122,1.1354584693908691,rechter,103186,1960,trouw
413,1.0118924379348755,1.076951026916504,arts,103497,1960,trouw
414,0.9763666391372681,1.094751000404358,advocaat,102061,1960,trouw
415,1.0678974390029907,1.1499732732772827,kunstenaar,102204,1960,trouw
416,1.065406322479248,1.2051411867141724,instructeur,91750,1960,trouw
417,1.032991886138916,1.0515692234039307,danseres,83049,1960,trouw
418,1.000288724899292,1.10567045211792,fotograaf,98432,1960,trouw
419,1.0193654298782349,1.1573643684387207,inspecteur,101436,1960,trouw
420,1.0137649774551392,1.1174182891845703,muzikant,75975,1960,trouw
421,0.968980610370636,1.0618926286697388,soldaat,101901,1960,trouw
422,1.0837619304656982,1.1891003847122192,bibliothecaris,81178,1960,trouw
423,0.9853523373603821,1.0887482166290283,professor,103160,1960,trouw
424,1.0754035711288452,1.1543461084365845,psycholoog,94466,1960,trouw
425,0.9942703247070312,1.0992695093154907,matroos,98186,1960,trouw
426,1.0886151790618896,1.237869381904602,accountant,94564,1960,trouw
427,1.0643020868301392,1.171183466911316,architect,101045,1960,trouw
428,1.128161072731018,1.1981205940246582,scheikundige,84734,1960,trouw
429,1.0901448726654053,1.1930512189865112,beheerder,91512,1960,trouw
430,1.0614020824432373,1.1414878368377686,fysicus,72155,1960,trouw
431,1.2122493982315063,1.28643000125885,wetenschapper,24200,1960,trouw
432,0.986987829208374,1.134366750717163,boer,104081,1960,trouw
433,1.047852873802185,1.0416772365570068,kunstenares,82693,1960,trouw
434,1.0375086069107056,1.1282638311386108,leraar,113845,1970,trouw
435,1.0932276248931885,1.1618314981460571,auteur,114380,1970,trouw
436,0.9678114652633667,1.0585850477218628,monteur,103254,1970,trouw
437,1.0561084747314453,1.1482897996902466,makelaar,105681,1970,trouw
438,1.0459120273590088,1.1725541353225708,bakker,115669,1970,trouw
439,0.9916180968284607,1.040708303451538,arbeider,111144,1970,trouw
440,1.0605263710021973,1.1024601459503174,chirurg,108384,1970,trouw
441,0.9152128100395203,0.983376681804657,tuinman,97383,1970,trouw
442,1.0040717124938965,1.0900578498840332,schilder,113212,1970,trouw
443,1.0322082042694092,1.0449800491333008,tandarts,109281,1970,trouw
444,1.007659912109375,1.075615644454956,portier,107367,1970,trouw
445,1.129638433456421,1.1838196516036987,atleet,108095,1970,trouw
446,1.0482748746871948,1.2297247648239136,manager,114003,1970,trouw
447,1.0897504091262817,1.2099876403808594,dirigent,114044,1970,trouw
448,0.8946061730384827,1.0137379169464111,timmerman,107459,1970,trouw
449,0.8387725353240967,0.8136425018310547,huishoudster,98321,1970,trouw
450,0.9158453345298767,0.9597110748291016,secretaresse,108802,1970,trouw
451,1.0882643461227417,1.2179269790649414,econoom,108512,1970,trouw
452,1.0961858034133911,1.2100145816802979,geoloog,82458,1970,trouw
453,1.0905531644821167,1.2278870344161987,klerk,105726,1970,trouw
454,0.9398150444030762,0.9861783981323242,dokter,115086,1970,trouw
455,1.0708253383636475,1.163415789604187,rechter,115772,1970,trouw
456,0.9904330372810364,1.0345649719238281,arts,115434,1970,trouw
457,1.0178325176239014,1.1370550394058228,advocaat,114995,1970,trouw
458,1.069586992263794,1.1147516965866089,kunstenaar,113056,1970,trouw
459,1.0737282037734985,1.1696041822433472,instructeur,95627,1970,trouw
460,1.0411615371704102,1.0210524797439575,danseres,99494,1970,trouw
461,1.0153578519821167,1.0384044647216797,fotograaf,109124,1970,trouw
462,1.0145988464355469,1.1487020254135132,inspecteur,112338,1970,trouw
463,1.0369083881378174,1.0696110725402832,muzikant,93168,1970,trouw
464,0.9814316034317017,1.0621482133865356,soldaat,113477,1970,trouw
465,1.012152075767517,1.0947333574295044,bibliothecaris,87039,1970,trouw
466,1.0063155889511108,1.1262023448944092,professor,114731,1970,trouw
467,1.0754809379577637,1.1289477348327637,psycholoog,109050,1970,trouw
468,0.9658933281898499,1.0484139919281006,matroos,99793,1970,trouw
469,1.0532935857772827,1.1556118726730347,accountant,105387,1970,trouw
470,1.0759224891662598,1.1754448413848877,architect,111843,1970,trouw
471,1.1698534488677979,1.2108244895935059,scheikundige,89788,1970,trouw
472,1.0677361488342285,1.184208869934082,beheerder,107104,1970,trouw
473,1.0940752029418945,1.1933748722076416,fysicus,84554,1970,trouw
474,1.0940966606140137,1.1683897972106934,wetenschapper,84133,1970,trouw
475,1.0401787757873535,1.1519006490707397,boer,115950,1970,trouw
476,1.0122790336608887,1.0341262817382812,kunstenares,90397,1970,trouw
477,0.9560623168945312,1.0608142614364624,leraar,133700,1980,trouw
478,1.066670298576355,1.1567041873931885,auteur,134276,1980,trouw
479,1.0189108848571777,1.0653897523880005,monteur,118717,1980,trouw
480,1.068839192390442,1.1085853576660156,makelaar,124235,1980,trouw
481,1.0354535579681396,1.1393240690231323,bakker,135319,1980,trouw
482,0.9944822788238525,1.013631820678711,arbeider,127474,1980,trouw
483,1.0536479949951172,1.090980887413025,chirurg,128469,1980,trouw
484,0.9938079714775085,1.0484925508499146,tuinman,120904,1980,trouw
485,1.021878719329834,1.0864940881729126,schilder,133917,1980,trouw
486,1.0453721284866333,1.0433727502822876,tandarts,129497,1980,trouw
487,0.9758563041687012,1.0189687013626099,portier,125830,1980,trouw
488,1.0755789279937744,1.1321908235549927,atleet,129320,1980,trouw
489,1.0883229970932007,1.1877800226211548,manager,133649,1980,trouw
490,1.1145634651184082,1.1839745044708252,dirigent,134180,1980,trouw
491,0.9608964920043945,1.046482801437378,timmerman,125854,1980,trouw
492,0.8386097550392151,0.7844855189323425,huishoudster,115896,1980,trouw
493,0.9485146403312683,0.9398760199546814,secretaresse,128947,1980,trouw
494,1.1396816968917847,1.2282556295394897,econoom,129403,1980,trouw
495,1.111348032951355,1.1848849058151245,geoloog,103623,1980,trouw
496,1.1182914972305298,1.1828418970108032,klerk,127707,1980,trouw
497,0.9302319288253784,0.9364811182022095,dokter,133940,1980,trouw
498,1.1111804246902466,1.1602360010147095,rechter,135782,1980,trouw
499,1.007922649383545,1.03280770778656,arts,135316,1980,trouw
500,1.0117031335830688,1.072972297668457,advocaat,135064,1980,trouw
501,1.0988723039627075,1.1433602571487427,kunstenaar,133900,1980,trouw
502,1.0491517782211304,1.1268035173416138,instructeur,112067,1980,trouw
503,1.080343246459961,1.0237400531768799,danseres,125769,1980,trouw
504,1.0552138090133667,1.0892770290374756,fotograaf,131171,1980,trouw
505,1.0403269529342651,1.1276344060897827,inspecteur,131348,1980,trouw
506,1.091742753982544,1.1377687454223633,muzikant,121836,1980,trouw
507,0.9314674139022827,1.0111216306686401,soldaat,132196,1980,trouw
508,1.0811115503311157,1.193832278251648,bibliothecaris,109249,1980,trouw
509,1.0006988048553467,1.0933409929275513,professor,134386,1980,trouw
510,1.0887932777404785,1.138660192489624,psycholoog,129011,1980,trouw
511,0.9857585430145264,1.0170363187789917,matroos,113478,1980,trouw
512,1.1127243041992188,1.1884584426879883,accountant,126340,1980,trouw
513,1.1000502109527588,1.1737996339797974,architect,132961,1980,trouw
514,1.1841570138931274,1.223893642425537,scheikundige,110199,1980,trouw
515,1.0665396451950073,1.1270112991333008,beheerder,126257,1980,trouw
516,1.0734807252883911,1.165005087852478,fysicus,111528,1980,trouw
517,1.1041918992996216,1.1512821912765503,wetenschapper,124835,1980,trouw
518,1.020889163017273,1.133493185043335,boer,135778,1980,trouw
519,1.053491473197937,1.0725401639938354,kunstenares,121735,1980,trouw
520,0.9985553622245789,1.121506690979004,leraar,97414,1950,telegraaf
521,1.0753659009933472,1.1486473083496094,auteur,99158,1950,telegraaf
522,0.9903284907341003,1.0985941886901855,monteur,94341,1950,telegraaf
523,1.0573830604553223,1.1220746040344238,makelaar,93567,1950,telegraaf
524,1.0453760623931885,1.2006547451019287,bakker,100108,1950,telegraaf
525,1.0238549709320068,1.1232731342315674,arbeider,98008,1950,telegraaf
526,1.0162264108657837,1.1117247343063354,chirurg,94065,1950,telegraaf
527,1.0447384119033813,1.130971074104309,tuinman,90369,1950,telegraaf
528,0.9943591356277466,1.087666630744934,schilder,99835,1950,telegraaf
529,1.0111552476882935,1.068952202796936,tandarts,95401,1950,telegraaf
530,0.9960842728614807,1.0680826902389526,portier,96622,1950,telegraaf
531,1.0878782272338867,1.1819734573364258,atleet,90568,1950,telegraaf
532,1.0364612340927124,1.1901280879974365,manager,97046,1950,telegraaf
533,1.0865771770477295,1.1921354532241821,dirigent,100002,1950,telegraaf
534,0.9712032675743103,1.0739387273788452,timmerman,93928,1950,telegraaf
535,0.8711241483688354,0.8256665468215942,huishoudster,90162,1950,telegraaf
536,0.9276155829429626,0.9392139315605164,secretaresse,96583,1950,telegraaf
537,1.0635483264923096,1.203018307685852,econoom,85156,1950,telegraaf
538,1.0376462936401367,1.144828200340271,geoloog,69593,1950,telegraaf
539,1.0238103866577148,1.1588457822799683,klerk,88717,1950,telegraaf
540,0.8720571398735046,0.8764100074768066,dokter,100341,1950,telegraaf
541,1.036194920539856,1.06208074092865,rechter,100941,1950,telegraaf
542,0.9946328997612,1.0513501167297363,arts,100215,1950,telegraaf
543,0.9692732095718384,1.0398216247558594,advocaat,100060,1950,telegraaf
544,1.097727656364441,1.1806577444076538,kunstenaar,98685,1950,telegraaf
545,1.0408273935317993,1.1935670375823975,instructeur,90281,1950,telegraaf
546,1.0454950332641602,0.9934089779853821,danseres,93921,1950,telegraaf
547,1.0208255052566528,1.05470871925354,fotograaf,97156,1950,telegraaf
548,0.9858348965644836,1.0821698904037476,inspecteur,99677,1950,telegraaf
549,1.0805792808532715,1.1634029150009155,muzikant,87309,1950,telegraaf
550,1.01750648021698,1.1035891771316528,soldaat,99337,1950,telegraaf
551,1.0048784017562866,1.1264530420303345,bibliothecaris,65970,1950,telegraaf
552,0.9769992828369141,1.107478141784668,professor,99852,1950,telegraaf
553,1.051792025566101,1.1376367807388306,psycholoog,84813,1950,telegraaf
554,0.9662064909934998,1.06342351436615,matroos,95043,1950,telegraaf
555,1.0449165105819702,1.1566541194915771,accountant,93876,1950,telegraaf
556,1.0558161735534668,1.1668589115142822,architect,97695,1950,telegraaf
557,1.13038969039917,1.2055647373199463,scheikundige,78218,1950,telegraaf
558,1.0490484237670898,1.1996512413024902,beheerder,87489,1950,telegraaf
559,1.1065330505371094,1.1533286571502686,fysicus,22400,1950,telegraaf
560,0.9862093329429626,1.1201938390731812,boer,100716,1950,telegraaf
561,1.0597929954528809,1.0634559392929077,kunstenares,86705,1950,telegraaf
562,0.9941835403442383,1.0848702192306519,leraar,104961,1960,telegraaf
563,1.094981074333191,1.1430675983428955,auteur,106003,1960,telegraaf
564,0.989302933216095,1.1059637069702148,monteur,102558,1960,telegraaf
565,1.0411040782928467,1.1351944208145142,makelaar,100348,1960,telegraaf
566,1.0737313032150269,1.1873581409454346,bakker,107110,1960,telegraaf
567,1.01841402053833,1.1147701740264893,arbeider,104305,1960,telegraaf
568,1.0424739122390747,1.0955225229263306,chirurg,102322,1960,telegraaf
569,0.9959918856620789,1.0732680559158325,tuinman,96573,1960,telegraaf
570,1.0102568864822388,1.0748862028121948,schilder,106484,1960,telegraaf
571,0.9848883152008057,1.0233861207962036,tandarts,101313,1960,telegraaf
572,1.0206916332244873,1.0932103395462036,portier,103501,1960,telegraaf
573,1.1253634691238403,1.198939561843872,atleet,102452,1960,telegraaf
574,1.0118365287780762,1.1916992664337158,manager,105627,1960,telegraaf
575,1.0905841588974,1.1616168022155762,dirigent,106326,1960,telegraaf
576,0.9567862153053284,1.097797155380249,timmerman,103072,1960,telegraaf
577,0.8730353116989136,0.8511157631874084,huishoudster,97580,1960,telegraaf
578,0.9257031083106995,0.9417078495025635,secretaresse,104791,1960,telegraaf
579,1.1037107706069946,1.2314507961273193,econoom,96694,1960,telegraaf
580,1.0776464939117432,1.1994718313217163,geoloog,76906,1960,telegraaf
581,1.067833662033081,1.1856120824813843,klerk,97861,1960,telegraaf
582,0.903394877910614,0.952924907207489,dokter,107460,1960,telegraaf
583,1.0849463939666748,1.1271421909332275,rechter,107446,1960,telegraaf
584,0.9894269108772278,1.0390979051589966,arts,107206,1960,telegraaf
585,0.9735984206199646,1.0747320652008057,advocaat,106896,1960,telegraaf
586,1.0988472700119019,1.1443166732788086,kunstenaar,105137,1960,telegraaf
587,1.066824197769165,1.1809265613555908,instructeur,94850,1960,telegraaf
588,1.0285381078720093,0.9606242775917053,danseres,100939,1960,telegraaf
589,1.0388826131820679,1.0814943313598633,fotograaf,105143,1960,telegraaf
590,1.0153335332870483,1.1353480815887451,inspecteur,106262,1960,telegraaf
591,1.115574836730957,1.1576759815216064,muzikant,87994,1960,telegraaf
592,1.01063871383667,1.1075944900512695,soldaat,105748,1960,telegraaf
593,1.1184732913970947,1.2325876951217651,bibliothecaris,73932,1960,telegraaf
594,1.033581018447876,1.1219749450683594,professor,106855,1960,telegraaf
595,1.059876561164856,1.1604660749435425,psycholoog,98889,1960,telegraaf
596,1.0032541751861572,1.0816901922225952,matroos,102133,1960,telegraaf
597,1.0183813571929932,1.1563059091567993,accountant,98832,1960,telegraaf
598,1.076396107673645,1.187361717224121,architect,104203,1960,telegraaf
599,1.1579231023788452,1.2143666744232178,scheikundige,82950,1960,telegraaf
600,1.0673065185546875,1.2009851932525635,beheerder,94912,1960,telegraaf
601,1.0733270645141602,1.1614375114440918,fysicus,67410,1960,telegraaf
602,0.9965736865997314,1.1369372606277466,boer,107610,1960,telegraaf
603,1.0835286378860474,1.0352381467819214,kunstenares,90394,1960,telegraaf
604,0.99420565366745,1.0850069522857666,leraar,110088,1970,telegraaf
605,1.1079314947128296,1.1535253524780273,auteur,110742,1970,telegraaf
606,0.9800387620925903,1.1126834154129028,monteur,105936,1970,telegraaf
607,1.0353400707244873,1.124045968055725,makelaar,108664,1970,telegraaf
608,1.0595381259918213,1.1888031959533691,bakker,113395,1970,telegraaf
609,1.0054465532302856,1.0840542316436768,arbeider,108024,1970,telegraaf
610,1.0303987264633179,1.0634300708770752,chirurg,107959,1970,telegraaf
611,0.9424351453781128,1.021397590637207,tuinman,99104,1970,telegraaf
612,0.9778345823287964,1.0359923839569092,schilder,112503,1970,telegraaf
613,1.0158659219741821,1.035455584526062,tandarts,108352,1970,telegraaf
614,1.0132402181625366,1.0947413444519043,portier,108023,1970,telegraaf
615,1.1338629722595215,1.1959065198898315,atleet,106011,1970,telegraaf
616,1.0276910066604614,1.1830710172653198,manager,113387,1970,telegraaf
617,1.077414870262146,1.1729516983032227,dirigent,111928,1970,telegraaf
618,0.9345917701721191,1.0493930578231812,timmerman,106877,1970,telegraaf
619,0.8625383973121643,0.843847393989563,huishoudster,100382,1970,telegraaf
620,0.8786131143569946,0.8936691284179688,secretaresse,110504,1970,telegraaf
621,1.0809626579284668,1.211044430732727,econoom,105806,1970,telegraaf
622,1.0797717571258545,1.1785686016082764,geoloog,86356,1970,telegraaf
623,1.0554252862930298,1.1580350399017334,klerk,100228,1970,telegraaf
624,0.9495987296104431,0.9793879985809326,dokter,113510,1970,telegraaf
625,1.0445486307144165,1.0936493873596191,rechter,113734,1970,telegraaf
626,0.9878993034362793,1.016786813735962,arts,113374,1970,telegraaf
627,0.9798477292060852,1.0773240327835083,advocaat,113191,1970,telegraaf
628,1.0620684623718262,1.1185035705566406,kunstenaar,111204,1970,telegraaf
629,1.0555025339126587,1.1544567346572876,instructeur,102260,1970,telegraaf
630,1.0032861232757568,0.9826952219009399,danseres,102919,1970,telegraaf
631,1.0254772901535034,1.0538325309753418,fotograaf,110741,1970,telegraaf
632,1.0326231718063354,1.17100191116333,inspecteur,111288,1970,telegraaf
633,1.0416051149368286,1.090498924255371,muzikant,100170,1970,telegraaf
634,1.0585505962371826,1.119203805923462,soldaat,111617,1970,telegraaf
635,1.0555795431137085,1.1647582054138184,bibliothecaris,53848,1970,telegraaf
636,1.0238438844680786,1.1213446855545044,professor,112712,1970,telegraaf
637,1.0149855613708496,1.0957473516464233,psycholoog,106971,1970,telegraaf
638,1.0002012252807617,1.09906005859375,matroos,102530,1970,telegraaf
639,1.0719623565673828,1.1660757064819336,accountant,105720,1970,telegraaf
640,1.06329345703125,1.1388132572174072,architect,110487,1970,telegraaf
641,1.1338781118392944,1.1820555925369263,scheikundige,81317,1970,telegraaf
642,1.064558506011963,1.1748181581497192,beheerder,106810,1970,telegraaf
643,1.101220965385437,1.2021406888961792,fysicus,77705,1970,telegraaf
644,1.0223149061203003,1.146804928779602,boer,113893,1970,telegraaf
645,1.019931674003601,1.0401692390441895,kunstenares,93923,1970,telegraaf
646,0.991304874420166,1.03874671459198,leraar,124006,1980,telegraaf
647,1.103702187538147,1.153243064880371,auteur,124472,1980,telegraaf
648,1.021202802658081,1.1214739084243774,monteur,117464,1980,telegraaf
649,1.0765236616134644,1.1632471084594727,makelaar,122714,1980,telegraaf
650,1.0022202730178833,1.1378722190856934,bakker,126982,1980,telegraaf
651,1.0264320373535156,1.107334017753601,arbeider,116689,1980,telegraaf
652,1.0538341999053955,1.0944806337356567,chirurg,122626,1980,telegraaf
653,1.005630612373352,1.0577144622802734,tuinman,115659,1980,telegraaf
654,1.045117735862732,1.0796078443527222,schilder,125871,1980,telegraaf
655,1.0183470249176025,1.0566136837005615,tandarts,121888,1980,telegraaf
656,1.0311238765716553,1.0682586431503296,portier,118832,1980,telegraaf
657,1.0887261629104614,1.141154408454895,atleet,123462,1980,telegraaf
658,1.05617094039917,1.1904524564743042,manager,127091,1980,telegraaf
659,1.1267236471176147,1.185947299003601,dirigent,125684,1980,telegraaf
660,0.950134813785553,1.0600910186767578,timmerman,118122,1980,telegraaf
661,0.8500579595565796,0.8222118616104126,huishoudster,108589,1980,telegraaf
662,0.9431362748146057,0.956211507320404,secretaresse,124189,1980,telegraaf
663,1.1266822814941406,1.2357879877090454,econoom,118789,1980,telegraaf
664,1.127646565437317,1.2132076025009155,geoloog,99573,1980,telegraaf
665,1.0967885255813599,1.1845253705978394,klerk,116046,1980,telegraaf
666,0.9282305836677551,0.9561517238616943,dokter,126460,1980,telegraaf
667,1.0802586078643799,1.1035106182098389,rechter,127547,1980,telegraaf
668,0.9895775318145752,1.025288701057434,arts,127064,1980,telegraaf
669,0.9772873520851135,1.0380562543869019,advocaat,127263,1980,telegraaf
670,1.058109164237976,1.1010181903839111,kunstenaar,125333,1980,telegraaf
671,1.0613292455673218,1.154165267944336,instructeur,115184,1980,telegraaf
672,1.0651811361312866,1.0415363311767578,danseres,116495,1980,telegraaf
673,1.0149226188659668,1.032891869544983,fotograaf,123831,1980,telegraaf
674,1.0619115829467773,1.1533641815185547,inspecteur,125164,1980,telegraaf
675,1.0196534395217896,1.0835497379302979,muzikant,115830,1980,telegraaf
676,0.9876800179481506,1.0229475498199463,soldaat,123777,1980,telegraaf
677,1.109412670135498,1.1824709177017212,bibliothecaris,85436,1980,telegraaf
678,1.0307062864303589,1.1015905141830444,professor,125931,1980,telegraaf
679,1.0204294919967651,1.0760301351547241,psycholoog,121144,1980,telegraaf
680,0.9633281826972961,1.020969033241272,matroos,111258,1980,telegraaf
681,1.1003061532974243,1.1861251592636108,accountant,119478,1980,telegraaf
682,1.0946080684661865,1.1876119375228882,architect,124159,1980,telegraaf
683,1.2067006826400757,1.244420051574707,scheikundige,93105,1980,telegraaf
684,1.0544328689575195,1.1861039400100708,beheerder,119562,1980,telegraaf
685,1.0920549631118774,1.152496576309204,fysicus,89709,1980,telegraaf
686,1.0344531536102295,1.156402826309204,boer,127570,1980,telegraaf
687,1.0627750158309937,1.0637210607528687,kunstenares,114140,1980,telegraaf
688,1.0452189445495605,1.1580055952072144,leraar,95609,1950,vv
689,1.107266902923584,1.178767442703247,auteur,94629,1950,vv
690,0.9835402369499207,1.1246898174285889,monteur,94720,1950,vv
691,1.0745153427124023,1.0998449325561523,makelaar,84503,1950,vv
692,1.016847014427185,1.1663190126419067,bakker,98372,1950,vv
693,0.9979403614997864,1.10138738155365,arbeider,96963,1950,vv
694,1.1062068939208984,1.1251963376998901,chirurg,90354,1950,vv
695,1.0107356309890747,1.104457139968872,tuinman,88904,1950,vv
696,1.00858473777771,1.1239535808563232,schilder,97307,1950,vv
697,1.0609774589538574,1.093500018119812,tandarts,92372,1950,vv
698,1.028457760810852,1.0966280698776245,portier,94307,1950,vv
699,1.1065396070480347,1.187154769897461,atleet,85096,1950,vv
700,1.0559086799621582,1.1917920112609863,manager,92875,1950,vv
701,1.118523120880127,1.2217381000518799,dirigent,97310,1950,vv
702,1.0189528465270996,1.1513499021530151,timmerman,96184,1950,vv
703,0.9068586826324463,0.8625644445419312,huishoudster,87469,1950,vv
704,1.035630464553833,1.0285927057266235,secretaresse,93402,1950,vv
705,1.0737590789794922,1.2039756774902344,econoom,84539,1950,vv
706,1.0724248886108398,1.1698048114776611,geoloog,72372,1950,vv
707,1.1038233041763306,1.215302586555481,klerk,93730,1950,vv
708,0.9721056818962097,0.9538944363594055,dokter,98349,1950,vv
709,1.0434435606002808,1.0784250497817993,rechter,98614,1950,vv
710,1.0268462896347046,1.0634751319885254,arts,97373,1950,vv
711,1.0271482467651367,1.0953646898269653,advocaat,97137,1950,vv
712,1.1226993799209595,1.2013394832611084,kunstenaar,96161,1950,vv
713,1.039332389831543,1.2169815301895142,instructeur,86628,1950,vv
714,1.074243187904358,1.0426493883132935,danseres,90017,1950,vv
715,1.048744797706604,1.085136890411377,fotograaf,94839,1950,vv
716,1.0608057975769043,1.171679139137268,inspecteur,97764,1950,vv
717,1.0217106342315674,1.1206148862838745,muzikant,74392,1950,vv
718,0.9901025891304016,1.0590184926986694,soldaat,96835,1950,vv
719,1.0729316473007202,1.1872022151947021,bibliothecaris,71307,1950,vv
720,1.047450065612793,1.1466059684753418,professor,97868,1950,vv
721,1.068609595298767,1.1108686923980713,psycholoog,85197,1950,vv
722,1.0011487007141113,1.092022180557251,matroos,96341,1950,vv
723,1.061744213104248,1.1615023612976074,accountant,89656,1950,vv
724,1.0875884294509888,1.202277660369873,architect,96922,1950,vv
725,1.1828633546829224,1.2420798540115356,scheikundige,82764,1950,vv
726,1.0487746000289917,1.196606159210205,beheerder,86993,1950,vv
727,1.1212278604507446,1.1959420442581177,fysicus,1820,1950,vv
728,0.9896001219749451,1.1115169525146484,boer,98591,1950,vv
729,1.072479248046875,1.0718988180160522,kunstenares,78442,1950,vv
730,1.0399190187454224,1.1614131927490234,leraar,109456,1960,vv
731,1.1194453239440918,1.1696715354919434,auteur,109507,1960,vv
732,0.9693310856819153,1.0947986841201782,monteur,108317,1960,vv
733,1.0792710781097412,1.155343770980835,makelaar,101105,1960,vv
734,1.0669878721237183,1.2110583782196045,bakker,111611,1960,vv
735,1.0197985172271729,1.1033954620361328,arbeider,108951,1960,vv
736,1.0933798551559448,1.1197726726531982,chirurg,105008,1960,vv
737,0.9807090759277344,1.057335615158081,tuinman,100310,1960,vv
738,1.0196906328201294,1.1052677631378174,schilder,110325,1960,vv
739,0.9874252080917358,0.9868528842926025,tandarts,105114,1960,vv
740,0.9991885423660278,1.0685820579528809,portier,107617,1960,vv
741,1.1344331502914429,1.1841905117034912,atleet,104289,1960,vv
742,1.028615951538086,1.1912157535552979,manager,109124,1960,vv
743,1.1060545444488525,1.1930903196334839,dirigent,110164,1960,vv
744,0.9858519434928894,1.0848579406738281,timmerman,109494,1960,vv
745,0.883273184299469,0.8371749520301819,huishoudster,99415,1960,vv
746,0.9853178262710571,0.9852340817451477,secretaresse,107265,1960,vv
747,1.112921953201294,1.2382234334945679,econoom,100976,1960,vv
748,1.0665720701217651,1.1713770627975464,geoloog,79848,1960,vv
749,1.0713759660720825,1.2074075937271118,klerk,106167,1960,vv
750,0.9508675932884216,0.9637753963470459,dokter,111450,1960,vv
751,1.055023431777954,1.1216418743133545,rechter,111705,1960,vv
752,1.0396336317062378,1.0906705856323242,arts,110961,1960,vv
753,0.9963545799255371,1.0565847158432007,advocaat,110355,1960,vv
754,1.122750997543335,1.1695060729980469,kunstenaar,109144,1960,vv
755,1.061901569366455,1.2032926082611084,instructeur,101367,1960,vv
756,1.0483454465866089,1.0146205425262451,danseres,102224,1960,vv
757,1.0185966491699219,1.0651994943618774,fotograaf,108678,1960,vv
758,1.0376474857330322,1.1497687101364136,inspecteur,110243,1960,vv
759,0.9979797005653381,1.068259596824646,muzikant,90170,1960,vv
760,0.9989535808563232,1.0712639093399048,soldaat,109578,1960,vv
761,1.072615146636963,1.1697521209716797,bibliothecaris,83618,1960,vv
762,1.0751235485076904,1.1490471363067627,professor,110764,1960,vv
763,1.1048840284347534,1.1427810192108154,psycholoog,101022,1960,vv
764,1.0009576082229614,1.1091092824935913,matroos,108806,1960,vv
765,1.041560173034668,1.154114842414856,accountant,101621,1960,vv
766,1.0761690139770508,1.2001748085021973,architect,109425,1960,vv
767,1.1831008195877075,1.2414072751998901,scheikundige,94327,1960,vv
768,1.0429450273513794,1.185660719871521,beheerder,102727,1960,vv
769,1.079396367073059,1.147386908531189,fysicus,59076,1960,vv
770,0.9909499287605286,1.1324834823608398,boer,111619,1960,vv
771,1.1168004274368286,1.1129155158996582,kunstenares,89356,1960,vv
772,0.9789413213729858,1.0663589239120483,leraar,109454,1970,vv
773,1.0789417028427124,1.1308531761169434,auteur,109435,1970,vv
774,0.9557202458381653,1.0562876462936401,monteur,106504,1970,vv
775,1.0479379892349243,1.1319646835327148,makelaar,105664,1970,vv
776,1.0555026531219482,1.194998025894165,bakker,112503,1970,vv
777,0.9964265823364258,1.0617693662643433,arbeider,109440,1970,vv
778,1.073644995689392,1.09645676612854,chirurg,106665,1970,vv
779,0.9834449887275696,1.07281494140625,tuinman,96218,1970,vv
780,0.9975466728210449,1.0965605974197388,schilder,110709,1970,vv
781,1.0687623023986816,1.1040196418762207,tandarts,110084,1970,vv
782,0.9969832897186279,1.0746790170669556,portier,107737,1970,vv
783,1.1160264015197754,1.1727334260940552,atleet,105905,1970,vv
784,1.048360824584961,1.1936134099960327,manager,111799,1970,vv
785,1.0848231315612793,1.1741957664489746,dirigent,109846,1970,vv
786,0.906801700592041,1.0861409902572632,timmerman,108084,1970,vv
787,0.8637750744819641,0.825576663017273,huishoudster,93376,1970,vv
788,0.9035757184028625,0.923233151435852,secretaresse,108234,1970,vv
789,1.0894352197647095,1.1946913003921509,econoom,104137,1970,vv
790,1.0782103538513184,1.1336678266525269,geoloog,81591,1970,vv
791,1.1200722455978394,1.2167794704437256,klerk,104147,1970,vv
792,0.9662952423095703,0.9646165370941162,dokter,112605,1970,vv
793,1.0882176160812378,1.1324564218521118,rechter,112854,1970,vv
794,0.9955888986587524,0.9884797930717468,arts,112552,1970,vv
795,1.0195895433425903,1.084298014640808,advocaat,112217,1970,vv
796,1.075310468673706,1.1569103002548218,kunstenaar,110141,1970,vv
797,1.044771432876587,1.1608821153640747,instructeur,101533,1970,vv
798,1.0331339836120605,0.988452136516571,danseres,98641,1970,vv
799,1.0004290342330933,1.0223788022994995,fotograaf,109794,1970,vv
800,1.040222406387329,1.1472058296203613,inspecteur,109627,1970,vv
801,1.0429606437683105,1.0985548496246338,muzikant,93788,1970,vv
802,1.0552388429641724,1.1107035875320435,soldaat,110600,1970,vv
803,0.9653261303901672,1.0560871362686157,bibliothecaris,74069,1970,vv
804,1.0618233680725098,1.1104800701141357,professor,111301,1970,vv
805,1.0665329694747925,1.1385576725006104,psycholoog,105093,1970,vv
806,1.0033135414123535,1.0879143476486206,matroos,106752,1970,vv
807,1.0618644952774048,1.1534311771392822,accountant,101384,1970,vv
808,1.0923316478729248,1.194591760635376,architect,109634,1970,vv
809,1.2028298377990723,1.244572639465332,scheikundige,85843,1970,vv
810,0.9836950302124023,1.145638346672058,beheerder,107124,1970,vv
811,1.122390627861023,1.1599791049957275,fysicus,69726,1970,vv
812,1.002447485923767,1.1193153858184814,boer,112635,1970,vv
813,1.0875837802886963,1.0988808870315552,kunstenares,87453,1970,vv
814,0.9672971963882446,1.0494577884674072,leraar,129749,1980,vv
815,1.074455976486206,1.101910948753357,auteur,130720,1980,vv
816,0.9610726237297058,1.0503557920455933,monteur,120831,1980,vv
817,1.0876291990280151,1.1533122062683105,makelaar,124776,1980,vv
818,1.0512460470199585,1.181874394416809,bakker,132470,1980,vv
819,0.9866015315055847,1.0647567510604858,arbeider,125369,1980,vv
820,1.0630824565887451,1.0851038694381714,chirurg,126294,1980,vv
821,1.0276912450790405,1.088890552520752,tuinman,123654,1980,vv
822,1.057944893836975,1.081742525100708,schilder,130744,1980,vv
823,1.1114988327026367,1.1554415225982666,tandarts,130399,1980,vv
824,0.9890680313110352,1.0484648942947388,portier,126061,1980,vv
825,1.1073312759399414,1.1409982442855835,atleet,128349,1980,vv
826,1.063873052597046,1.1973400115966797,manager,131840,1980,vv
827,1.089563012123108,1.1578985452651978,dirigent,130747,1980,vv
828,0.9476653933525085,1.055923581123352,timmerman,125045,1980,vv
829,0.8271999359130859,0.8084132671356201,huishoudster,112187,1980,vv
830,0.9393043518066406,0.9595358371734619,secretaresse,127783,1980,vv
831,1.1357074975967407,1.206830382347107,econoom,125553,1980,vv
832,1.1274244785308838,1.181488037109375,geoloog,98899,1980,vv
833,1.091525673866272,1.1626222133636475,klerk,125272,1980,vv
834,1.0037952661514282,1.0124082565307617,dokter,131992,1980,vv
835,1.0845445394515991,1.1309646368026733,rechter,132866,1980,vv
836,1.017572283744812,1.0162774324417114,arts,132319,1980,vv
837,1.0118746757507324,1.069387435913086,advocaat,132380,1980,vv
838,1.0996352434158325,1.1285830736160278,kunstenaar,131579,1980,vv
839,1.0499064922332764,1.1364344358444214,instructeur,119303,1980,vv
840,1.0251909494400024,1.0036205053329468,danseres,121691,1980,vv
841,1.026819109916687,1.0462967157363892,fotograaf,130372,1980,vv
842,1.0566121339797974,1.139636754989624,inspecteur,128916,1980,vv
843,1.0630640983581543,1.1076914072036743,muzikant,123295,1980,vv
844,1.0141644477844238,1.076090931892395,soldaat,129221,1980,vv
845,1.0867139101028442,1.1362167596817017,bibliothecaris,93633,1980,vv
846,1.0612419843673706,1.1067044734954834,professor,131091,1980,vv
847,1.0870745182037354,1.1230698823928833,psycholoog,125826,1980,vv
848,0.9533182978630066,1.0383504629135132,matroos,120488,1980,vv
849,1.1233763694763184,1.2092981338500977,accountant,123390,1980,vv
850,1.0945677757263184,1.1531381607055664,architect,130828,1980,vv
851,1.1412925720214844,1.1805875301361084,scheikundige,103201,1980,vv
852,1.0633471012115479,1.1594797372817993,beheerder,126677,1980,vv
853,1.1341009140014648,1.1952564716339111,fysicus,92113,1980,vv
854,1.0232322216033936,1.1455827951431274,boer,132582,1980,vv
855,1.0383503437042236,1.0238158702850342,kunstenares,119671,1980,vv
856,1.029162049293518,1.1419047117233276,leraar,93109,1950,lc
857,1.0755480527877808,1.1347793340682983,auteur,92600,1950,lc
858,0.9634423851966858,1.071042776107788,monteur,89180,1950,lc
859,1.106291651725769,1.154396653175354,makelaar,89499,1950,lc
860,0.967517614364624,1.1349530220031738,bakker,95347,1950,lc
861,0.9839038848876953,1.0774692296981812,arbeider,94339,1950,lc
862,1.0152050256729126,1.053204894065857,chirurg,86709,1950,lc
863,0.9833422303199768,1.088483214378357,tuinman,86569,1950,lc
864,1.01432466506958,1.0974843502044678,schilder,93550,1950,lc
865,1.052597165107727,1.0536277294158936,tandarts,87683,1950,lc
866,1.0502666234970093,1.0767896175384521,portier,89885,1950,lc
867,1.0818654298782349,1.1360970735549927,atleet,81474,1950,lc
868,1.0271190404891968,1.1215258836746216,manager,82623,1950,lc
869,1.0487759113311768,1.1764169931411743,dirigent,92981,1950,lc
870,0.9303814172744751,1.078974962234497,timmerman,91304,1950,lc
871,0.8642135858535767,0.8073446154594421,huishoudster,88855,1950,lc
872,1.0120502710342407,0.9818747639656067,secretaresse,90302,1950,lc
873,1.100706934928894,1.2044260501861572,econoom,77625,1950,lc
874,1.0466339588165283,1.1590980291366577,geoloog,72041,1950,lc
875,0.9916822910308838,1.0776290893554688,klerk,84845,1950,lc
876,0.9061846733093262,0.963114321231842,dokter,95248,1950,lc
877,1.074136734008789,1.1275076866149902,rechter,94639,1950,lc
878,0.9678623080253601,1.0215559005737305,arts,94232,1950,lc
879,0.9931320548057556,1.0625888109207153,advocaat,92633,1950,lc
880,1.0918041467666626,1.1644198894500732,kunstenaar,92175,1950,lc
881,1.0551338195800781,1.1781166791915894,instructeur,84875,1950,lc
882,1.0263320207595825,0.9820448160171509,danseres,78471,1950,lc
883,1.0204315185546875,1.084241509437561,fotograaf,89849,1950,lc
884,1.0395495891571045,1.1851874589920044,inspecteur,94219,1950,lc
885,0.9622957110404968,1.0664963722229004,muzikant,73613,1950,lc
886,0.9442753791809082,1.0345652103424072,soldaat,93510,1950,lc
887,1.0717815160751343,1.1571681499481201,bibliothecaris,70881,1950,lc
888,1.0015664100646973,1.1429044008255005,professor,94769,1950,lc
889,1.0674347877502441,1.0949724912643433,psycholoog,80189,1950,lc
890,0.9579415917396545,1.049376130104065,matroos,89239,1950,lc
891,0.9980922341346741,1.1202502250671387,accountant,83972,1950,lc
892,1.0753581523895264,1.1979621648788452,architect,93335,1950,lc
893,1.1740673780441284,1.257500171661377,scheikundige,71774,1950,lc
894,1.0213373899459839,1.1364264488220215,beheerder,84894,1950,lc
895,1.1794557571411133,1.2679628133773804,fysicus,26667,1950,lc
896,0.9319286346435547,1.0695303678512573,boer,96038,1950,lc
897,1.0453813076019287,1.0319690704345703,kunstenares,75685,1950,lc
898,1.031469464302063,1.1379683017730713,leraar,109522,1960,lc
899,1.1034531593322754,1.152893304824829,auteur,110273,1960,lc
900,0.9561532735824585,1.0888950824737549,monteur,106512,1960,lc
901,1.081160068511963,1.1583014726638794,makelaar,101368,1960,lc
902,1.0088340044021606,1.1651283502578735,bakker,111595,1960,lc
903,0.978495717048645,1.0760806798934937,arbeider,109073,1960,lc
904,1.0537351369857788,1.0884672403335571,chirurg,103954,1960,lc
905,1.0384278297424316,1.0829298496246338,tuinman,104800,1960,lc
906,0.9672239422798157,1.0363534688949585,schilder,109594,1960,lc
907,1.01594877243042,1.043859601020813,tandarts,105091,1960,lc
908,1.0665069818496704,1.109808087348938,portier,105603,1960,lc
909,1.1216912269592285,1.1756316423416138,atleet,103834,1960,lc
910,1.0376230478286743,1.185368537902832,manager,106171,1960,lc
911,1.0843802690505981,1.188583493232727,dirigent,109282,1960,lc
912,0.9098002910614014,1.0684645175933838,timmerman,108143,1960,lc
913,0.8223532438278198,0.7846342325210571,huishoudster,98952,1960,lc
914,1.0269246101379395,1.046376347541809,secretaresse,105856,1960,lc
915,1.1092897653579712,1.1942979097366333,econoom,98819,1960,lc
916,1.1454659700393677,1.2179244756698608,geoloog,84967,1960,lc
917,0.9606866240501404,1.0533976554870605,klerk,99467,1960,lc
918,0.9315302968025208,0.9455861449241638,dokter,111412,1960,lc
919,1.0477142333984375,1.0642515420913696,rechter,111562,1960,lc
920,0.9970911741256714,1.0160865783691406,arts,110914,1960,lc
921,0.9872906804084778,1.0527981519699097,advocaat,108641,1960,lc
922,1.085004448890686,1.135218620300293,kunstenaar,108649,1960,lc
923,1.0982502698898315,1.2297766208648682,instructeur,100526,1960,lc
924,0.9939740300178528,0.977448582649231,danseres,96425,1960,lc
925,1.0443631410598755,1.0793735980987549,fotograaf,107102,1960,lc
926,1.041831374168396,1.1515429019927979,inspecteur,109365,1960,lc
927,1.055619716644287,1.1024746894836426,muzikant,89837,1960,lc
928,0.9554356932640076,1.0582507848739624,soldaat,109356,1960,lc
929,1.0467833280563354,1.1329634189605713,bibliothecaris,86509,1960,lc
930,1.0422269105911255,1.1144887208938599,professor,110738,1960,lc
931,1.092290997505188,1.1108546257019043,psycholoog,101796,1960,lc
932,1.0058770179748535,1.0833295583724976,matroos,104315,1960,lc
933,1.0420199632644653,1.1839277744293213,accountant,100522,1960,lc
934,1.040864109992981,1.1906026601791382,architect,108390,1960,lc
935,1.2037098407745361,1.2673959732055664,scheikundige,90581,1960,lc
936,1.0436831712722778,1.1763843297958374,beheerder,104476,1960,lc
937,1.166629672050476,1.2447049617767334,fysicus,63669,1960,lc
938,0.942410945892334,1.1262702941894531,boer,112180,1960,lc
939,1.0558418035507202,1.0274322032928467,kunstenares,90377,1960,lc
940,1.0213104486465454,1.1215521097183228,leraar,121679,1970,lc
941,1.0837031602859497,1.1209129095077515,auteur,122514,1970,lc
942,0.9766680598258972,1.1011817455291748,monteur,117843,1970,lc
943,1.0266863107681274,1.124108076095581,makelaar,113821,1970,lc
944,1.0413315296173096,1.1600579023361206,bakker,123728,1970,lc
945,0.9779523611068726,1.0473437309265137,arbeider,120255,1970,lc
946,1.0569617748260498,1.0717597007751465,chirurg,114985,1970,lc
947,1.018449306488037,1.07465398311615,tuinman,116936,1970,lc
948,0.9914379119873047,1.0741139650344849,schilder,121131,1970,lc
949,1.0079768896102905,1.0243748426437378,tandarts,118490,1970,lc
950,1.043114185333252,1.0779070854187012,portier,116835,1970,lc
951,1.1252639293670654,1.1706819534301758,atleet,115328,1970,lc
952,1.0485786199569702,1.1821621656417847,manager,120274,1970,lc
953,1.0788341760635376,1.1756651401519775,dirigent,121134,1970,lc
954,0.9210339188575745,1.0696289539337158,timmerman,121068,1970,lc
955,0.8242091536521912,0.7852645516395569,huishoudster,108444,1970,lc
956,1.0059860944747925,0.9947255849838257,secretaresse,118283,1970,lc
957,1.0958850383758545,1.2147941589355469,econoom,116069,1970,lc
958,1.0878671407699585,1.196642518043518,geoloog,97770,1970,lc
959,1.0910288095474243,1.2053557634353638,klerk,110234,1970,lc
960,0.930718183517456,0.9432743191719055,dokter,123451,1970,lc
961,1.0713610649108887,1.1076170206069946,rechter,123074,1970,lc
962,1.0196919441223145,1.0068044662475586,arts,123066,1970,lc
963,1.036273717880249,1.0881229639053345,advocaat,121475,1970,lc
964,1.071959137916565,1.1461670398712158,kunstenaar,120813,1970,lc
965,1.0567502975463867,1.161171317100525,instructeur,113292,1970,lc
966,0.9969862103462219,0.9549381136894226,danseres,104516,1970,lc
967,1.0194664001464844,1.038995623588562,fotograaf,118996,1970,lc
968,1.0688257217407227,1.1755375862121582,inspecteur,120927,1970,lc
969,1.0293786525726318,1.102292776107788,muzikant,106649,1970,lc
970,1.0056520700454712,1.0737102031707764,soldaat,121048,1970,lc
971,1.0596884489059448,1.1396334171295166,bibliothecaris,94551,1970,lc
972,1.0243169069290161,1.1037324666976929,professor,121887,1970,lc
973,1.0873479843139648,1.1318169832229614,psycholoog,115611,1970,lc
974,0.9628099799156189,1.0422695875167847,matroos,111900,1970,lc
975,1.0270215272903442,1.1294565200805664,accountant,111501,1970,lc
976,1.0721956491470337,1.1930286884307861,architect,120110,1970,lc
977,1.167972207069397,1.2073092460632324,scheikundige,94260,1970,lc
978,1.0284544229507446,1.1725112199783325,beheerder,117797,1970,lc
979,1.1122819185256958,1.1952035427093506,fysicus,88381,1970,lc
980,0.989221453666687,1.1276220083236694,boer,124223,1970,lc
981,1.0583056211471558,1.0653512477874756,kunstenares,105078,1970,lc
982,0.9891058802604675,1.0860790014266968,leraar,129882,1980,lc
983,1.0685486793518066,1.0991615056991577,auteur,130501,1980,lc
984,0.9966325163841248,1.088175892829895,monteur,122500,1980,lc
985,1.045553207397461,1.1320812702178955,makelaar,124021,1980,lc
986,1.0284852981567383,1.1378029584884644,bakker,132447,1980,lc
987,0.9941954016685486,1.0550535917282104,arbeider,125650,1980,lc
988,1.066360592842102,1.0873430967330933,chirurg,122836,1980,lc
989,1.0291937589645386,1.0920660495758057,tuinman,126776,1980,lc
990,0.999716579914093,1.051299810409546,schilder,129920,1980,lc
991,1.0456690788269043,1.0427782535552979,tandarts,124628,1980,lc
992,1.038542628288269,1.0846500396728516,portier,125035,1980,lc
993,1.1121569871902466,1.1302173137664795,atleet,126662,1980,lc
994,1.0941708087921143,1.2082279920578003,manager,130063,1980,lc
995,1.085153579711914,1.1601307392120361,dirigent,131088,1980,lc
996,0.9587196707725525,1.0824943780899048,timmerman,127651,1980,lc
997,0.805614173412323,0.7552847266197205,huishoudster,111616,1980,lc
998,0.9459065198898315,0.9492612481117249,secretaresse,125235,1980,lc
999,1.1658649444580078,1.2422434091567993,econoom,124287,1980,lc
1000,1.0875345468521118,1.155044674873352,geoloog,100880,1980,lc
1001,1.0798135995864868,1.1195260286331177,klerk,121871,1980,lc
1002,0.9326149225234985,0.959571361541748,dokter,131013,1980,lc
1003,1.0605789422988892,1.092373251914978,rechter,132303,1980,lc
1004,1.0254290103912354,1.0314180850982666,arts,131292,1980,lc
1005,0.9947304725646973,1.0822793245315552,advocaat,131407,1980,lc
1006,1.087591528892517,1.1246283054351807,kunstenaar,130268,1980,lc
1007,1.063852071762085,1.1665581464767456,instructeur,120509,1980,lc
1008,1.042506217956543,0.9565113186836243,danseres,114407,1980,lc
1009,1.0312120914459229,1.0602524280548096,fotograaf,127388,1980,lc
1010,1.051891565322876,1.127879023551941,inspecteur,129113,1980,lc
1011,1.0360946655273438,1.078790307044983,muzikant,119542,1980,lc
1012,0.9404295086860657,1.0061635971069336,soldaat,128193,1980,lc
1013,1.074609398841858,1.14263916015625,bibliothecaris,104140,1980,lc
1014,1.0709240436553955,1.1254165172576904,professor,129913,1980,lc
1015,1.0838438272476196,1.089949131011963,psycholoog,122777,1980,lc
1016,0.9599176645278931,1.0378655195236206,matroos,112868,1980,lc
1017,1.0628108978271484,1.1370409727096558,accountant,119193,1980,lc
1018,1.138331413269043,1.2048513889312744,architect,129370,1980,lc
1019,1.1469223499298096,1.2036573886871338,scheikundige,96187,1980,lc
1020,1.0326155424118042,1.137945294380188,beheerder,126269,1980,lc
1021,1.1118742227554321,1.1701486110687256,fysicus,92321,1980,lc
1022,1.003393292427063,1.1345131397247314,boer,132883,1980,lc
1023,1.0442821979522705,1.057080626487732,kunstenares,118146,1980,lc
1024,1.0300740003585815,1.1094788312911987,leraar,102784,1950,parool
1025,1.0777827501296997,1.110361099243164,auteur,103895,1950,parool
1026,0.9932109117507935,1.1343421936035156,monteur,99641,1950,parool
1027,1.124884843826294,1.203222632408142,makelaar,98479,1950,parool
1028,0.9797276854515076,1.165266513824463,bakker,104639,1950,parool
1029,1.0093483924865723,1.1063599586486816,arbeider,103531,1950,parool
1030,1.0511780977249146,1.0840318202972412,chirurg,96503,1950,parool
1031,0.9758878946304321,1.0556474924087524,tuinman,96528,1950,parool
1032,1.0024492740631104,1.081953525543213,schilder,104161,1950,parool
1033,1.005009651184082,1.0404713153839111,tandarts,100087,1950,parool
1034,1.0001859664916992,1.0798648595809937,portier,101338,1950,parool
1035,1.1297247409820557,1.2053169012069702,atleet,97398,1950,parool
1036,1.0195770263671875,1.1383965015411377,manager,98519,1950,parool
1037,1.1020268201828003,1.1748631000518799,dirigent,104320,1950,parool
1038,0.9491668343544006,1.0858408212661743,timmerman,99185,1950,parool
1039,0.8997365236282349,0.9078372120857239,huishoudster,95896,1950,parool
1040,1.0015822649002075,0.973421037197113,secretaresse,101173,1950,parool
1041,1.0664896965026855,1.200313925743103,econoom,92570,1950,parool
1042,1.0731374025344849,1.1898343563079834,geoloog,75389,1950,parool
1043,1.0501081943511963,1.1433314085006714,klerk,97831,1950,parool
1044,0.8782269358634949,0.8967561721801758,dokter,104929,1950,parool
1045,1.0561187267303467,1.0700145959854126,rechter,104658,1950,parool
1046,1.0212504863739014,1.0783365964889526,arts,104682,1950,parool
1047,0.9925652742385864,1.0714949369430542,advocaat,104152,1950,parool
1048,1.096238613128662,1.1548374891281128,kunstenaar,103140,1950,parool
1049,1.059099555015564,1.163286566734314,instructeur,94946,1950,parool
1050,1.0765169858932495,1.032063364982605,danseres,97893,1950,parool
1051,1.04387366771698,1.0931907892227173,fotograaf,101378,1950,parool
1052,1.0121480226516724,1.0995988845825195,inspecteur,104286,1950,parool
1053,1.015434980392456,1.087583065032959,muzikant,80892,1950,parool
1054,1.0016329288482666,1.0951728820800781,soldaat,103392,1950,parool
1055,1.0776329040527344,1.1821435689926147,bibliothecaris,80086,1950,parool
1056,0.9875794649124146,1.0700891017913818,professor,104504,1950,parool
1057,1.0645716190338135,1.1122835874557495,psycholoog,93370,1950,parool
1058,0.9826067686080933,1.079257845878601,matroos,99585,1950,parool
1059,0.9934099912643433,1.1177884340286255,accountant,97089,1950,parool
1060,1.0877494812011719,1.2056833505630493,architect,102749,1950,parool
1061,1.151504397392273,1.2382688522338867,scheikundige,84056,1950,parool
1062,1.047010064125061,1.1704789400100708,beheerder,91554,1950,parool
1063,1.0652921199798584,1.1776286363601685,fysicus,61527,1950,parool
1064,1.1536059379577637,1.227834701538086,wetenschapper,11139,1950,parool
1065,0.9392630457878113,1.1059008836746216,boer,105148,1950,parool
1066,1.0933620929718018,1.1052480936050415,kunstenares,90136,1950,parool
1067,0.998484194278717,1.1040230989456177,leraar,109462,1960,parool
1068,1.0931055545806885,1.1521494388580322,auteur,110932,1960,parool
1069,0.9799584150314331,1.1142396926879883,monteur,107014,1960,parool
1070,1.0342670679092407,1.1197234392166138,makelaar,104846,1960,parool
1071,1.0581676959991455,1.1791677474975586,bakker,111327,1960,parool
1072,1.0126527547836304,1.1308571100234985,arbeider,108637,1960,parool
1073,1.0326728820800781,1.065603494644165,chirurg,104593,1960,parool
1074,0.9818848371505737,1.0851589441299438,tuinman,100090,1960,parool
1075,0.9988772869110107,1.0742900371551514,schilder,110553,1960,parool
1076,1.0220750570297241,1.0688714981079102,tandarts,105814,1960,parool
1077,1.0018705129623413,1.0871387720108032,portier,107489,1960,parool
1078,1.1332203149795532,1.1880013942718506,atleet,106453,1960,parool
1079,1.00002121925354,1.1424155235290527,manager,108298,1960,parool
1080,1.123577356338501,1.1883280277252197,dirigent,110470,1960,parool
1081,0.9600881338119507,1.1009767055511475,timmerman,107536,1960,parool
1082,0.8866814374923706,0.8843934535980225,huishoudster,101098,1960,parool
1083,0.9770568609237671,0.9830852746963501,secretaresse,107099,1960,parool
1084,1.101693868637085,1.218667984008789,econoom,104691,1960,parool
1085,1.0322014093399048,1.142627477645874,geoloog,81412,1960,parool
1086,1.1252944469451904,1.18708336353302,klerk,104327,1960,parool
1087,0.9091064929962158,0.9384516477584839,dokter,111380,1960,parool
1088,1.0576947927474976,1.134748935699463,rechter,111186,1960,parool
1089,1.0234110355377197,1.086695909500122,arts,111339,1960,parool
1090,0.9927092790603638,1.076645016670227,advocaat,110456,1960,parool
1091,1.0938639640808105,1.1512781381607056,kunstenaar,109628,1960,parool
1092,1.0563719272613525,1.1768983602523804,instructeur,101144,1960,parool
1093,1.0756276845932007,1.0360853672027588,danseres,104578,1960,parool
1094,1.0166598558425903,1.0635910034179688,fotograaf,108099,1960,parool
1095,1.0228444337844849,1.1163265705108643,inspecteur,110445,1960,parool
1096,1.0270925760269165,1.065657615661621,muzikant,89960,1960,parool
1097,1.0037553310394287,1.077191948890686,soldaat,109798,1960,parool
1098,1.0807301998138428,1.1843870878219604,bibliothecaris,85307,1960,parool
1099,1.0165879726409912,1.0940200090408325,professor,110937,1960,parool
1100,1.081926703453064,1.1384812593460083,psycholoog,103507,1960,parool
1101,1.0203797817230225,1.0915443897247314,matroos,105668,1960,parool
1102,1.0213215351104736,1.1568379402160645,accountant,102212,1960,parool
1103,1.080549955368042,1.1692854166030884,architect,109093,1960,parool
1104,1.1796460151672363,1.215229868888855,scheikundige,98854,1960,parool
1105,1.055549144744873,1.1783475875854492,beheerder,99001,1960,parool
1106,1.10686194896698,1.1866458654403687,fysicus,73807,1960,parool
1107,1.1445592641830444,1.1992372274398804,wetenschapper,28297,1960,parool
1108,0.9780426621437073,1.11208176612854,boer,111514,1960,parool
1109,1.0994782447814941,1.0897409915924072,kunstenares,91745,1960,parool
1110,0.9913948774337769,1.0981402397155762,leraar,112166,1970,parool
1111,1.1049922704696655,1.1572364568710327,auteur,113377,1970,parool
1112,0.9928962588310242,1.106114149093628,monteur,105260,1970,parool
1113,1.0232528448104858,1.0832525491714478,makelaar,107594,1970,parool
1114,1.0719895362854004,1.1964263916015625,bakker,114389,1970,parool
1115,1.037199854850769,1.0990039110183716,arbeider,109329,1970,parool
1116,1.0558977127075195,1.0819236040115356,chirurg,107678,1970,parool
1117,0.931522786617279,0.9984617829322815,tuinman,97979,1970,parool
1118,1.0188734531402588,1.084666132926941,schilder,113455,1970,parool
1119,1.0184749364852905,1.0279041528701782,tandarts,109913,1970,parool
1120,0.9600032567977905,1.0316696166992188,portier,109108,1970,parool
1121,1.1228805780410767,1.199581265449524,atleet,107360,1970,parool
1122,1.0493104457855225,1.179682970046997,manager,113519,1970,parool
1123,1.1339144706726074,1.2067469358444214,dirigent,113096,1970,parool
1124,0.9278231859207153,1.054810643196106,timmerman,108152,1970,parool
1125,0.8660032749176025,0.8362900614738464,huishoudster,96668,1970,parool
1126,0.9050000905990601,0.9572916030883789,secretaresse,109493,1970,parool
1127,1.1120554208755493,1.238762617111206,econoom,108190,1970,parool
1128,1.0394996404647827,1.1510303020477295,geoloog,79049,1970,parool
1129,1.1048918962478638,1.1957707405090332,klerk,105265,1970,parool
1130,0.9665474891662598,0.9659401774406433,dokter,114464,1970,parool
1131,1.0992591381072998,1.1618424654006958,rechter,114758,1970,parool
1132,1.0220460891723633,1.0265833139419556,arts,114279,1970,parool
1133,1.0197125673294067,1.1176621913909912,advocaat,114064,1970,parool
1134,1.1066477298736572,1.1555767059326172,kunstenaar,112846,1970,parool
1135,1.0537304878234863,1.176412582397461,instructeur,99131,1970,parool
1136,1.0113452672958374,0.9601073265075684,danseres,105433,1970,parool
1137,1.0291552543640137,1.0779844522476196,fotograaf,111336,1970,parool
1138,1.0277833938598633,1.1399328708648682,inspecteur,111917,1970,parool
1139,1.052406668663025,1.0967369079589844,muzikant,98560,1970,parool
1140,1.0430762767791748,1.0795451402664185,soldaat,113250,1970,parool
1141,1.0281237363815308,1.1224884986877441,bibliothecaris,77507,1970,parool
1142,1.0544533729553223,1.1548384428024292,professor,113259,1970,parool
1143,1.0893861055374146,1.1668314933776855,psycholoog,107361,1970,parool
1144,0.9798256158828735,1.0687274932861328,matroos,102147,1970,parool
1145,1.0858030319213867,1.1730389595031738,accountant,103787,1970,parool
1146,1.076405644416809,1.1749407052993774,architect,111722,1970,parool
1147,1.2047137022018433,1.2683322429656982,scheikundige,83449,1970,parool
1148,1.0389996767044067,1.1625455617904663,beheerder,107149,1970,parool
1149,1.0355244874954224,1.1284304857254028,fysicus,66191,1970,parool
1150,1.1139572858810425,1.204725980758667,wetenschapper,81087,1970,parool
1151,1.0571045875549316,1.1864107847213745,boer,114720,1970,parool
1152,1.0784392356872559,1.1011863946914673,kunstenares,97120,1970,parool
1153,0.9819191098213196,1.0279408693313599,leraar,125435,1980,parool
1154,1.0846319198608398,1.1473718881607056,auteur,125878,1980,parool
1155,1.028512716293335,1.0765513181686401,monteur,111590,1980,parool
1156,1.0536677837371826,1.113950252532959,makelaar,120441,1980,parool
1157,1.0808206796646118,1.1828535795211792,bakker,126984,1980,parool
1158,0.9940577149391174,1.0542540550231934,arbeider,119826,1980,parool
1159,1.0388795137405396,1.0607093572616577,chirurg,121128,1980,parool
1160,0.9945293068885803,1.0460389852523804,tuinman,115990,1980,parool
1161,1.036424160003662,1.0928927659988403,schilder,125929,1980,parool
1162,1.0623177289962769,1.0781309604644775,tandarts,120909,1980,parool
1163,0.985675573348999,1.0444093942642212,portier,120815,1980,parool
1164,1.0723944902420044,1.125488519668579,atleet,123643,1980,parool
1165,1.079784870147705,1.2018427848815918,manager,126226,1980,parool
1166,1.1036673784255981,1.161487340927124,dirigent,125397,1980,parool
1167,1.0158202648162842,1.0840221643447876,timmerman,117428,1980,parool
1168,0.8363461494445801,0.776736319065094,huishoudster,108459,1980,parool
1169,0.9421578645706177,0.940268874168396,secretaresse,121699,1980,parool
1170,1.1078672409057617,1.194124460220337,econoom,121446,1980,parool
1171,1.1361143589019775,1.1884351968765259,geoloog,92659,1980,parool
1172,1.1151658296585083,1.2065411806106567,klerk,119237,1980,parool
1173,0.9219346046447754,0.922001838684082,dokter,126043,1980,parool
1174,1.0729933977127075,1.1289141178131104,rechter,127363,1980,parool
1175,1.0261473655700684,1.0350700616836548,arts,126967,1980,parool
1176,0.9986039996147156,1.0734220743179321,advocaat,126940,1980,parool
1177,1.0806024074554443,1.104946255683899,kunstenaar,126164,1980,parool
1178,1.0585713386535645,1.1504671573638916,instructeur,106973,1980,parool
1179,1.0208078622817993,0.9861596822738647,danseres,117732,1980,parool
1180,1.0218651294708252,1.0721186399459839,fotograaf,124256,1980,parool
1181,1.0857373476028442,1.142087697982788,inspecteur,123143,1980,parool
1182,1.0587764978408813,1.1307443380355835,muzikant,116162,1980,parool
1183,0.9867215752601624,1.0296664237976074,soldaat,124138,1980,parool
1184,1.0626894235610962,1.1487345695495605,bibliothecaris,99495,1980,parool
1185,1.0655596256256104,1.142141342163086,professor,126375,1980,parool
1186,1.0315488576889038,1.0925250053405762,psycholoog,120362,1980,parool
1187,1.0010489225387573,1.0323445796966553,matroos,112896,1980,parool
1188,1.1176316738128662,1.1628223657608032,accountant,116724,1980,parool
1189,1.1000443696975708,1.1732476949691772,architect,125312,1980,parool
1190,1.1850348711013794,1.223131775856018,scheikundige,98655,1980,parool
1191,1.0721856355667114,1.1543738842010498,beheerder,119367,1980,parool
1192,1.1016052961349487,1.17301607131958,fysicus,99039,1980,parool
1193,1.0834075212478638,1.1228752136230469,wetenschapper,115246,1980,parool
1194,1.0751460790634155,1.1848362684249878,boer,127277,1980,parool
1195,1.044570803642273,1.051113247871399,kunstenares,113659,1980,parool
